Event,CGSubmissionTime(ms),KernelExecTime(ms),TotalExecTime(ms),VectorSize
Simple Add,0.003345,0.025463,0.109171,10
Simple Add,0.00331,0.010137,0.025815,100
Simple Add,0.00413,0.011912,0.0294833,1000
Simple Add,0.003379,0.017851,0.034003,10000
Simple Add,0.003242,0.042939,0.059387,100000
Simple Add,0.003344,0.236783,0.254972,1000000
Simple Add,0.003309,1.47671,1.49551,10000000
Simple Add,0.003375,12.9867,13.0112,100000000
